Timestamp X Sexo: X Idade (em anos) X País: X Estado: X Cidade: X Escolaridade: X Formação: X Possui vínculo com alguma instituição? X Se sim, qual o nome dessa instituição? (opcional) X Ocupação: X Qual destas é a sua área principal (Grande Área)? X Há quantos anos você atua nessa área? X Qual é a sua sub-área? X Você utiliza técnologias abertas na pesquisa? X Você conhece alguém que utiliza tecnologias abertas na pesquisa? X Você conhece alguma iniciativa ou equipamento que seja open source e desenvolvido para uso laboratorial? X Como você percebe o acesso à equipamentos para a pesquisa dentro da sua instituição? X Caso considere que existam dificuldades relacionadas ao acesso à equipamentos, na sua opinião, qual seria a maior barreira? X Poderia em algumas palavras, nos dizer a razão? X Qual(is) equipamento(s) o seu laboratório mais usa / necessita? X Algum projeto já teve de ser alterado por falta de acesso a equipamentos? X Se sim, qual equipamento causou a alteração no projeto? X Caso tenha ocorrido alguma alteração de projeto no momento de execução por falta de acesso à equipamentos, qual o motivo? X Se você pudesse comprar um equipamento novo para o laboratório hoje, e verba não fosse um problema, que equipamento seria? X Considera viável a opção de adquirir equipamentos de novas marcas? X Já teve oportunidade de testar equipamentos de novas marcas? X Caso já tenha testado produtos de uma nova marca, você fez porque X Gostaria de ter acesso, para testes, à equipamentos produzidos por novas marcas e com baixo custo?
8/22/2018 20:04:49 X Masculino X 54 X Brazil X Rio Grande Norte X Natal X Doutorado X Medicina X Sim, instituição pública X UFRN X Pesquisador, Professor X Biologia X 26 - 30 X Neurociência X Sim X Sim X  X Insatisfatório X Certos tipos de equipamento não estão disponíveis X Pouca divulgação dos equipamentos e centralização por parte dos pesquisadores X Poligrafo (medida des de sinais bielétricos), actimetros,  X Sim X Actigrafos X Por quebra do equipamento existente e demora na manutenção X Poligrafo (Para EEG) X Sim X Sim X Buscava um preço mais acessível X Sim
8/22/2018 20:50:50 X Masculino X 28 X Brazil X Sao Paulo X Presidente Prudente X Doutorado, Em andamento X Quimica-Bacharelado X Sim, instituição pública X UNESP X Estudante X Química X 06 - 10 X Quimica de Materiais X Sim X Sim X Normalmente softwares como ImageJ. X Parcialmente satisfatório X Certos tipos de equipamento não estão disponíveis X "Muitos equipamentos sao de uso limitado ao grupo de pesquisa que pertence, ou as vezes é autorizado a realizaçao de analises ""externas"" porem com cobrança de altas taxas." X Espectrofotometria UV-Vis, Espectroscopia FT-IR. X Sim X Analise Elementar CHNS-O; ICP-MS; Viscosimetro. X Alteração no momento de planejamento X Analise Elementar CHNS-O X Sim X Não X  X 
8/22/2018 20:57:05 X Feminino X 32 X Brazil X RJ X RIO DE JANEIRO X Doutorado X Ciências Biológicas X Sim, instituição pública X FIOCRUZ X Pesquisador X Biologia X 11 - 15 X bioquímica e imunologia X Sim X Sim X ImageJ X Insatisfatório X Demora na manutenção/conserto do equipamento existente X  X espectrofotômetro, microscópio X Não X  X Apesar de dificuldades com equipamentos, não foi necessário alterar nenhum projeto porque contamos com equipamentos de colaboradores X Microscópio confocal X Sim X Não X  X 
8/22/2018 21:09:13 X Masculino X 22 X Brazil X São Paulo X Botucatu X Graduação - Bacharelado, Em andamento X Engenharia de bioprocessos e biotecnologia X Sim, instituição pública X Unesp X Estudante X Engenharia X 01 - 05 X Bioinformática X Não X Sim X Sim X Parcialmente satisfatório X Muitos pesquisadores e poucos equipamentos X  X Computadores X Não tenho conhecimento X Não X Nenhuma alteração no projeto de pesquisa foi necessária pela falta ou quebra de equipamentos X Uma máquina própria X Sim X Não X  X 
8/22/2018 21:30:34 X Masculino X 26 X Brazil X São Paulo X São Paulo X Graduação - Bacharelado X Química X Sim, instituição pública X USP X Estudante X Química X 01 - 05 X Produtos Naturais X Não sei responder X Sim X Mini centrifuga desenvolvida pelo clube de Hardware Livre IME-USP X Parcialmente satisfatório X Demora na manutenção/conserto do equipamento existente X  X HPLC-DAD, GC-MS, RMN(analise paga, feita no IQUSP) X Sim X HPLC-MS X Equipamento indisponível (outras razões além de quebra) X HPLC-MS X Sim X Não X  X 
8/22/2018 21:34:34 X Feminino X 29 X Brazil X Minas Gerais X Belo Horizonte X Doutorado X Doutorado em Biologia Celular X Sim, instituição pública X UFMG X Pesquisador X Biologia X 06 - 10 X Biologia Celular e Molecular X Sim X Sim X Somente bases de dados X Parcialmente satisfatório X Demora na manutenção/conserto do equipamento existente X  X Termocicladores e aparatos de eletroforese X Sim X Citômetro de fluxo e microscópio de fluorescência  X Por quebra do equipamento existente e demora na manutenção, Equipamento indisponível (outras razões além de quebra) X Citômetro de fluxo com imagem (Imaging flow cytometer) X Talvez X Sim X Buscava um preço mais acessível X Sim
8/22/2018 21:35:17 X Masculino X 22 X Brazil X São Paulo X Botucatu  X Em andamento X Graduando em Engenharia de Bioprocessos e Biotecnologia  X Sim, instituição pública X Universidade Estadual Paulista Júlio de Mesquita filho UNESP  X Estudante X Engenharia X 01 - 05 X Química Eletroanalitica e Nanotecnologia  X Não X Sim X Nao conheço  X Parcialmente satisfatório X Certos tipos de equipamento não estão disponíveis X Muitos pesquisadores e poucos equipamentos, e aqueles que o possuem tem um monopólio de uso. Deve espalhar a cultura dos laboratórios multiusuários X Eletrodos, células eletroquímicas, potenciados, agitadores magnéticos  X Não X  X  X  X Sim X Não X  X 
8/22/2018 21:38:24 X Masculino X 28 X Brazil X São Paulo X Campinas X Mestrado X Química X Sim, instituição pública X Unicamp X Estudante X Química X 06 - 10 X Bioinformática/metabolomica X Sim X Sim X XCMS X Insatisfatório X Muitos pesquisadores e poucos equipamentos X  X QTOF X Sim X Qtof X Por quebra do equipamento existente e demora na manutenção X Ion Mobility ou Orbitrap X Talvez X Não X  X 
8/22/2018 21:52:10 X Masculino X 42 X Brazil X Rio de Janeiro X Campos dos Goytacazes X Doutorado X Profissional de Educação Física X Sim, instituição privada X  X Professor, Profissional da área administrativa X Saúde X 11 - 15 X Neurociências X Não X Não X Sim X Satisfatório X Não percebo dificuldades em relação ao acesso de equipamentos X  X Eletroencefalograma (EEG) X Sim X EEG X Equipamento indisponível (outras razões além de quebra) X EEG quantitativo com foto estimulador X Sim X Não X  X 
8/22/2018 22:24:21 X Feminino X 34 X Brazil X São Paulo X Araras X Doutorado X Bióloga X Sim, instituição pública X Instituto Agronômico de Campinas X Pesquisador X Biologia X 11 - 15 X Biotecnologia X Sim X Sim X Não X Satisfatório X  X O preço de alguns equipamentos é muito elevado X Centrífuga, termociclador comum e tempo real, shaker X Sim X HPLC X Apesar de dificuldades com equipamentos, não foi necessário alterar nenhum projeto porque contamos com equipamentos de colaboradores X HPLC X Sim X Não X  X 
8/22/2018 22:34:04 X Feminino X 38 X Brazil X São Paulo X São Carlos X Pós doutorado X Engenheira de alimentos X Não X  X Pesquisador X Biologia X 16 - 20 X microbiologia X Sim X Sim X GNPS: Global Natural Products Social Molecular Networking X Satisfatório X Muitos pesquisadores e poucos equipamentos X  X incubadores com shaker; centrífugas; HPLCs X Não X  X Apesar de dificuldades com equipamentos, não foi necessário alterar nenhum projeto porque contamos com equipamentos de colaboradores X incubadora com agitação X Sim X Sim X Por ser a única marca disponível no momento X Não
8/22/2018 22:34:33 X Feminino X 31 X  X Rio de Janeiro X Niterói X Doutorado X Biologia X Sim, instituição pública X Universidade Federal do Rio de Janeiro X Estudante X Biologia X 06 - 10 X Ecologia X Não X Não X Nao X Parcialmente satisfatório X Muitos pesquisadores e poucos equipamentos X  X Computadores workstation, cameras trap, radio colares, armadilhas de captura X Sim X Armadilhas fotograficas X Equipamento indisponível (outras razões além de quebra) X Computadores workstation X Sim X Não X  X 
8/22/2018 22:44:32 X Masculino X 63 X  X São paulo X Campinas X Doutorado X Medicina X Sim, instituição privada X Faculdade de Medicina São Leopoldo Mandic X Professor X Saúde X 41 - 45 X Cirurgia X Não sei responder X Sim X Sim X Satisfatório X Demora na manutenção/conserto do equipamento existente X  X  X Não tenho conhecimento X  X Equipamento indisponível (outras razões além de quebra) X  X Sim X Sim X Buscava um preço mais acessível X Sim
8/22/2018 22:48:32 X Feminino X 27 X Brazil X São Paulo X Jundiaí X Mestrado, Em andamento X Química X Sim, instituição pública X  X Estudante X Química X 01 - 05 X Analítica X Sim X Sim X não X Parcialmente satisfatório X Certos tipos de equipamento não estão disponíveis X Alguns equipamentos que só se pode ter acesso atendendo exigências do professor responsável ou através de pagamentos X Raman, microscópio eletrônico, plasma X Sim X XPS X Por quebra do equipamento existente e demora na manutenção X  X Sim X Não X  X 
8/22/2018 22:55:32 X Masculino X 42 X Brazil X Minas Gerais X Barbacena  X Mestrado X Professor X Sim, instituição pública X Epcar X Pesquisador, Professor X Saúde X 11 - 15 X Educação Física X Não X Não X Não  X Parcialmente satisfatório X Muitos pesquisadores e poucos equipamentos X  X Computadores X Não X  X Por quebra do equipamento existente e demora na manutenção X Analisador de gases X Sim X Não X  X 
8/22/2018 23:31:11 X Masculino X 19 X Brazil X Ceará X Iguatu X Graduação - Licenciatura, Em andamento X Ciências Biológicas X Sim, instituição pública X Universidade Estadual do Ceará X Estudante X Biologia X 01 - 05 X Ecologia de processos X Não sei responder X Sim X Não X Insatisfatório X Certos tipos de equipamento não estão disponíveis X Baixo investimento X  X Não X  X  X Nn consigo definir apenas um  X Talvez X Não X  X 
8/22/2018 23:40:24 X Feminino X 36 X Brazil X RJ X Rio de Janeiro X Doutorado, Pós doutorado X Nutrição X Sim, instituição pública X UNIRIO X Pesquisador, Professor X Saúde X 11 - 15 X Nutrição X Sim X Sim X Não X Parcialmente satisfatório X Certos tipos de equipamento não estão disponíveis X Precisa pedir para o chefe do laboratório para usar X Dexa X Sim X Dexa X Equipamento indisponível (outras razões além de quebra) X Inbody X Sim X Não X  X 
8/23/2018 0:35:20 X Feminino X 38 X Brazil X Rio de Janeiro X Nova Friburgo X Graduação - Licenciatura X Ciências Biológicas X Sim, instituição pública X CEDERJ X Estudante X Biologia X 06 - 10 X Física Moderna X Sim X Sim X Que eu me lembre, não. X Satisfatório X Muitos pesquisadores e poucos equipamentos X  X Microscópios, lupas, aparelho de eletroforese, centrífuga. X Sim X A falta de eletroforese na aula de Biologia Celular X Equipamento indisponível (outras razões além de quebra), Não há o aparelho no laboratório X IRGA X Sim X Sim X Pela marca ter sido recomendada X Sim
8/23/2018 0:46:27 X Feminino X 34 X Brazil X Rio de Janeiro X São José de Ubá X Graduação - Bacharelado, Graduação - Licenciatura X Farmacia/ Ciencias Biologicas X Sim, instituição pública X Uenf X Estudante X Biologia X 01 - 05 X  X Não sei responder X Näo sei responder X  X Prefiro não opinar no momento X Demora na manutenção/conserto do equipamento existente X  X  X Não tenho conhecimento X  X Por quebra do equipamento existente e demora na manutenção X  X Sim X Não X  X 
8/23/2018 0:56:42 X Feminino X 23 X Brazil X So Paulo X Botucatu X Graduação - Bacharelado, Em andamento X Engenharia de Bioprocessos e Biotecnologia X Sim, instituição pública X  X Estudante X Engenharia X 01 - 05 X Micropropagacao de plantas X Não sei responder X Näo sei responder X  X Insatisfatório X Falta de equipamentos, mas nao por excesso de pesquisadores X  X Autoclave, pHmetro, agitador magnetico, Camara de fluxo laminar, microondas. X Não tenho conhecimento X  X  X pHmetro, autoclave  X Talvez X Não X  X 
8/23/2018 1:08:53 X Feminino X 27 X Brazil X Rio Grande do Sul X São Gabriel X Doutorado, Em andamento X Bacharel em Biotecnologia X Sim, instituição pública X Unipampa X Estudante X Biologia X 06 - 10 X Ecologia Microbiana X Sim X Sim X Sim X Parcialmente satisfatório X Demora na manutenção/conserto do equipamento existente X  X Sequenciador, termociclador  X Não X  X Nenhuma alteração no projeto de pesquisa foi necessária pela falta ou quebra de equipamentos X Sequenciador Illumina X Talvez X Sim X Pela necessidade de estabelecer novos protocolos e/ou experimentos no laboratório X Sim
8/23/2018 1:36:21 X Masculino X 30 X Brazil X SP X Porto Ferreira X Mestrado, Em andamento X Eng. de Biossistemas X Sim, instituição pública X USP X Estudante, Pesquisador X Engenharia X 06 - 10 X Sistemas agricolas X Sim X Sim X  X Parcialmente satisfatório X Certos tipos de equipamento não estão disponíveis X Alguns equipamentos ou softwares necessitam ser comprados e não ha recursos para isso. X Scanner, clorofilometros X Sim X Aparelho para medição de ndvi X Equipamento indisponível (outras razões além de quebra) X Drone X Talvez X Sim X Buscava um preço mais acessível X Sim
8/23/2018 1:47:28 X Feminino X 37 X Brazil X São Paulo X São Paulo X Graduação - Bacharelado, Especialização, Doutorado X Biomédica X Sim, instituição pública X UNIFESP X Pesquisador, Professor X Saúde X 11 - 15 X Fisiologia X Sim X Näo sei responder X ImageJ (?) X Insatisfatório X Certos tipos de equipamento não estão disponíveis X Inacessibilidade por dificuldade de agendamento (muitos usuários) e/ou falta do equipamento na instituição.  X Freezer -80C, PCR em tempo real, microscópio cirúrgico, Odyssey, HPLC X Não X  X  X HPLC acoplado ao massa X Sim X Sim X Pela necessidade de estabelecer novos protocolos e/ou experimentos no laboratório X Sim
8/23/2018 2:19:26 X Feminino X 33 X Brazil X PB X João Pessoa X Doutorado X Farmácia X Sim, instituição pública X  X Professor X Biologia X 11 - 15 X Fisiologia X Não X Sim X Não X Insatisfatório X Não há laboratórios multiusuários, os equipamentos são monopolizada por pessoas  X  X Citômetro de fluxo X Sim X Citômetro de fluxo X Equipamento indisponível (outras razões além de quebra) X Citômetro de fluxo X Sim X Não X  X 
8/23/2018 2:19:42 X Masculino X 46 X Brazil X MS X PONTA PORA X Doutorado, Em andamento X CIENCIA DA COMPUTACAO X Sim, instituição pública X UFMS X Professor X Ciência da computação X 26 - 30 X BIOINFORMATICA X Sim X Sim X SIM X Satisfatório X Não percebo dificuldades em relação ao acesso de equipamentos X  X SEQUENCIADOR DE DNA X Não tenho conhecimento X  X Nenhuma alteração no projeto de pesquisa foi necessária pela falta ou quebra de equipamentos X IMPRESSORA 3D e Sequenciador de DNA X Sim X Não X  X 
8/23/2018 2:25:26 X Masculino X 23 X Brazil X Paraná  X Curitiba  X Graduação - Bacharelado, Graduação - Licenciatura, Em andamento X Biólogo  X Sim, instituição privada X PUC/PR X Estudante X Biologia X 01 - 05 X Herpetologia X Sim X Näo sei responder X  X Parcialmente satisfatório X Certos tipos de equipamento não estão disponíveis X  X HPSEC  X Não tenho conhecimento X  X Apesar de dificuldades com equipamentos, não foi necessário alterar nenhum projeto porque contamos com equipamentos de colaboradores X Microscópio eletrônico  X Talvez X Não X  X 
8/23/2018 2:31:17 X Feminino X 30 X Brazil X Sp X Campinas X Doutorado, Em andamento X Quimica  X Sim, instituição pública X Unicamp X Estudante, Pesquisador X Química X 06 - 10 X Química orgânica  X Não X Näo sei responder X Não  X Satisfatório X Não percebo dificuldades em relação ao acesso de equipamentos X  X Rmn X Não tenho conhecimento X  X Apesar de dificuldades com equipamentos, não foi necessário alterar nenhum projeto porque contamos com equipamentos de colaboradores X Rmn  X Sim X Não X  X 
8/23/2018 2:50:26 X Feminino X 25 X Brazil X SP X Franca X Mestrado X Biomedica X Não X  X Estudante X Farmácia X 01 - 05 X Toxicologia X Sim X Sim X  X Satisfatório X Não percebo dificuldades em relação ao acesso de equipamentos X  X icp-ms, lc/ms-ms, cg/ms-ms X Sim X icp-ms X Por quebra do equipamento existente e demora na manutenção X equipamentos de biologia molecular/epigenetica/gwas X Sim X Sim X Pela marca ter sido recomendada X Sim
8/23/2018 3:31:17 X Feminino X 51 X Brazil X RS  X Porto Alegre  X Especialização X Biologia prof. X Sim, instituição pública X  X Professor X Biologia X 11 - 15 X  X Não X Não X  X Insatisfatório X Certos tipos de equipamento não estão disponíveis X custo  X não tenho laboratório  X Sim X não tenho laboratório  X  X  X Talvez X Não X  X 
8/23/2018 3:42:20 X Masculino X 28 X Brazil X RS X Pelotas X Graduação - Bacharelado, Em andamento X Biotecnologia X Sim, instituição pública X UFPel X Estudante X Biologia X 01 - 05 X Genética X Sim X Sim X  X Parcialmente satisfatório X Demora na manutenção/conserto do equipamento existente X  X Capela; vidraria X Não X  X Por quebra do equipamento existente e demora na manutenção X Capela; vidrarias X Sim X Não X  X 
8/23/2018 3:45:11 X Feminino X 21 X Brazil X PR X Curitiba X Graduação - Bacharelado, Em andamento X Engenharia de Bioprocessos e Biotecnologia X Sim, instituição pública X Universidade Federal do Paraná X Estudante X Biologia X 01 - 05 X Microbiologia e Enzimologia X Não sei responder X Näo sei responder X  X Parcialmente satisfatório X Demora na manutenção/conserto do equipamento existente X  X  X Sim X  X Por quebra do equipamento existente e demora na manutenção, Equipamento indisponível (outras razões além de quebra) X  X Sim X Não X  X 
8/23/2018 3:58:50 X Feminino X 21 X Brazil X Ceara  X Caucaia X Graduação - Bacharelado, Em andamento X Biotecnologista X Sim, instituição pública X Universidade Federal do Cear X Estudante X Biotecnologia  X 01 - 05 X Engenharia de Bioprocessos/Processos Bioquimicos X Sim X Näo sei responder X Nao  X Parcialmente satisfatório X Certos tipos de equipamento não estão disponíveis X Financiamento insuficiente para obtençao de alguns equipamentos necessarios X Incubadoras, pHmetro, bloco digestor de DQO, espectrofotometro, centrifugas, destilador, cromatografo gasoso  X A logistica da pesquisa teve de ser alterada. X HPLC X Apesar de dificuldades com equipamentos, não foi necessário alterar nenhum projeto porque contamos com equipamentos de colaboradores X Coluna para HPLC/Espectrometro de massas  X Sim X Não X  X 
8/23/2018 4:02:02 X Masculino X 41 X Brazil X Rio de Janeiro X Nova Friburgo X Graduação - Licenciatura X  X Sim, instituição pública X Uerj-Universidade do Estado do Rio de Janeiro X Estudante X Biologia X 01 - 05 X  X Sim X Näo sei responder X Desconheço X Insatisfatório X Certos tipos de equipamento não estão disponíveis X Muitos equipamentos não estão no acesso de muitos pesquisadores e alunos. X Microscópios eletrônicos X Não tenho conhecimento X  X  X Não sei responder X Talvez X Não X  X 
8/23/2018 4:08:34 X Masculino X 24 X Brazil X Bahia X Salvador X Especialização X Licenciado em Química X Sim, instituição pública X Universidade do Estado da Bahia (UNEB) X Pesquisador X Química X 01 - 05 X Química Analítica X Não X Não X  X Parcialmente satisfatório X Demora na manutenção/conserto do equipamento existente X  X Cromatografia Líquida de Alta Eficiência X Sim X Falta de Colunas cromatográficas X Equipamento indisponível (outras razões além de quebra) X Detector de Espectrometria de Massas. X Sim X Não X  X 
8/23/2018 4:37:36 X Prefiro não responder X 26 X Brazil X RS X Porto Alegre X Mestrado, Em andamento X Pesquisadora X Sim, instituição pública X UFRGS X Pesquisador X Engenharia X 01 - 05 X Economia Circular X Não X Sim X Não... X Parcialmente satisfatório X Falta de informação a respeito da divulgação dos equipamentos disponíveis e seus respectivos lugares, horários de funcionamento... X  X Computador, Internet, Impressora, Acesso a artigos científicos, Celular X Sim X Falta de computador X Equipamento indisponível (outras razões além de quebra), Apesar de dificuldades com equipamentos, não foi necessário alterar nenhum projeto porque contamos com equipamentos de colaboradores X Celular top de linha, impressora e telescópio  X Sim X Sim X Buscava um preço mais acessível X Sim
8/23/2018 4:45:48 X Masculino X 20 X Brazil X Paraná X Dois vizinhos X Graduação - Bacharelado X Estudante X Sim, instituição pública X UTFPR X Estudante X Engenharia bioquímica X 01 - 05 X Bioquímica X Sim X Sim X Nao X Insatisfatório X Demora na manutenção/conserto do equipamento existente X  X Espectrofotômetro, balança analítica, dbo, shaker, autoclave, fermentador X Sim X HPLC X Por quebra do equipamento existente e demora na manutenção, Equipamento indisponível (outras razões além de quebra) X HPLC, espectrofotômetro de absorção atômica X Sim X Sim X Por ser a única marca disponível no momento X Sim
8/23/2018 11:31:33 X Feminino X 53 X  X RIO DE JANEIRO X NOVA IGUAÇU X Graduação - Licenciatura X Biólogo X Não X  X Professor X Biologia X 01 - 05 X Patologia clinica X Não sei responder X Näo sei responder X  X Satisfatório X Demora na manutenção/conserto do equipamento existente X  X  X Não tenho conhecimento X  X Por quebra do equipamento existente e demora na manutenção X  X Talvez X Não X  X 
8/23/2018 12:59:04 X Masculino X 33 X Brazil X Paraná X Realeza X Doutorado X Ciências Biológicas X Sim, instituição pública X Universidade Federal da Fronteira Sul X Pesquisador, Professor X Biologia X 11 - 15 X Neurociência, Cronobiologia, Sono X Sim X Sim X OpenBCI X Insatisfatório X Não há disponibilidade de equipamento; Não há recurso para compra. X  X Amplificadores de sinais biológicos (Eletroencefalograma, eletromiograma, eletroculograma) X Sim X Falha no OpenBCI X Por quebra do equipamento existente e demora na manutenção X Amplificador (Kit) BrainProducts 64 canais com sistema sem fio. X Talvez X Não X  X 
8/23/2018 13:18:28 X Masculino X 32 X Brazil X Pará X Santarém X Doutorado X Ciências Biológicas X Sim, instituição pública X Universidade Federal do Oeste do PArá X Pesquisador, Professor X Biologia X 11 - 15 X Zoologia X Sim X Sim X sim X Insatisfatório X Muitos pesquisadores e poucos equipamentos X  X Lupa, microscópios, material de análise molecular, gps, câmera fotográfica X Sim X Atualmente minha instituição tem uma quantidade muito abaixo do necessário para fazer pesquisa X Por quebra do equipamento existente e demora na manutenção, Equipamento indisponível (outras razões além de quebra) X montar um laboratório adequado. Faltam praticamente todos os equipamentos por aqui. X Sim X Sim X Buscava um preço mais acessível X Sim
8/23/2018 13:49:12 X Masculino X 36 X Brazil X São paulo X São Paulo  X Doutorado X Fisica /Biofisica  X Sim, instituição pública X Instituto de física da USP  X Pesquisador, Professor X Física X 16 - 20 X Biofisica  X Sim X Sim X Octave, imageJ X Insatisfatório X Demora na manutenção/conserto do equipamento existente X  X DLS, potencial zeta, SAXS, calorimetria, fluorímetro  X Sim X  X Por quebra do equipamento existente e demora na manutenção X Leitor de placa p fluorescência  X Sim X Sim X Buscava um preço mais acessível X Sim
8/23/2018 14:08:42 X Feminino X 52 X Brazil X São Paulo  X Campinas  X Doutorado X Medicina  X Sim, instituição privada X Faculdade de Medicina São Leopoldo Mandic Campinas X Profissional da área operacional X Saúde X 26 - 30 X Cirurgia de Cabeça e Pescoço  X Não X Sim X Sim X Satisfatório X Não percebo dificuldades em relação ao acesso de equipamentos X  X  X Não tenho conhecimento X  X  X  X  X  X  X 
8/23/2018 15:26:57 X Feminino X 55 X Brazil X Rio de Janeiro  X Nova Friburgo  X Graduação - Licenciatura, Em andamento X Formação de professores  X Não X  X  X  X  X  X Sim X Sim X Não  X Insatisfatório X Falta de equipamentos  X  X Lupa e microscópio  X Aula mal administrada por falta de equipamentos ou porque está com defeito.  X Microscópio  X Por quebra do equipamento existente e demora na manutenção, Equipamento indisponível (outras razões além de quebra) X Todos para um laboratório de qualidade para graduação em biologia e química física...  X Sim X Não X  X 
8/23/2018 18:03:00 X Feminino X 34 X Brazil X Rio de Janeiro  X Rio de Janeiro  X Doutorado X Biologia  X Sim, instituição privada X Veiga de Almeida X Professor X Biologia X 06 - 10 X Neurociência  X Sim X Sim X  X Parcialmente satisfatório X Muitos pesquisadores e poucos equipamentos X  X Criostato, HPLC X Não X  X Nenhuma alteração no projeto de pesquisa foi necessária pela falta ou quebra de equipamentos X Espectômetro de massa X Talvez X Não X  X 
8/23/2018 18:53:46 X Feminino X 33 X Brazil X Sao Paulo X Sao Paulo X Doutorado X Farmácia X Não X  X Profissional da área administrativa X Biologia X 06 - 10 X Biologia celular X Não X Sim X Sim. Flypi X Insatisfatório X Muitos pesquisadores e poucos equipamentos X  X Pipeta, nanodrop, PCR, western blog, fluxo laminar, incubadora X Não tenho conhecimento X  X  X Citometria de fluxo X Talvez X Sim X Pela necessidade de estabelecer novos protocolos e/ou experimentos no laboratório X Sim
8/23/2018 22:04:45 X Masculino X 68 X Brazil X Sergipe X Aracaju X Doutorado X Educação Física X Sim, instituição privada X Universidade Tiradentes X Pesquisador, Professor X Saúde X 46 - 50 X Fisiologia do exercício X Sim X Sim X Kinovea X Insatisfatório X Certos tipos de equipamento não estão disponíveis X Pouca tradição de pesquisa na minha área. X Analisador de gases; isocinéticos; DEXA X Sim X Isocinético X Equipamento indisponível (outras razões além de quebra) X os já citados X Sim X Sim X Pela necessidade de estabelecer novos protocolos e/ou experimentos no laboratório X Sim
8/23/2018 22:11:50 X Masculino X 23 X Brazil X SP X SÃO PAULO X Graduação - Bacharelado, Graduação - Licenciatura, Em andamento X Graduando X Não X  X Estudante X Biologia X 01 - 05 X Biologia molecular X Não sei responder X Sim X Não  X Insatisfatório X Não há divulgação de como e quais equipamentos podem ser usados. X  X Termociclador e fluxo laminar X Não tenho conhecimento X  X  X Espectrofotômetro  X Sim X Não X  X 
8/23/2018 23:06:55 X Feminino X 34 X Brazil X SC X Chapecó X Doutorado X Agronomia X Sim, instituição pública X  X Professor X Agrárias X 06 - 10 X Produção vegetal X Sim X Sim X Não X Insatisfatório X Pesquisadores se acham donos de equipamentos, simplesmente por serem auxiliares na organização dos laboratórios, criando obstáculos para os demais colegas utilizarem. X  X Câmara de crescimento de plantas X Sim X Câmaras de crescimento de plantas desreguladas, falta de reagentes, falta de padrões de cromatografia,  X Por quebra do equipamento existente e demora na manutenção, Equipamento indisponível (outras razões além de quebra) X Câmaras de crescimento de plantas X Talvez X Não X  X 
8/24/2018 2:30:19 X Masculino X 34 X Brazil X Mato Grosso do Sul X Campo Grande X Doutorado X Fisica X Sim, instituição pública X UFMS X Professor X Física X 06 - 10 X Ciencia dos Materiais X Não X Não X não X Insatisfatório X Certos tipos de equipamento não estão disponíveis X Não houve ações para aquisição de infraestrutura suficiente durante o governo lula, que investiu muito no setor. X DRX, MEV-FEG, Espectrometros (UV-vis, FTIR, RAman) X Sim X Analise Térmica X Por quebra do equipamento existente e demora na manutenção X MEV-FEG X Sim X Não X  X 
8/24/2018 2:57:31 X Masculino X 35 X Brazil X Paraná X Curitiba X Doutorado, Em andamento X farmacia X Sim, instituição privada X  X Professor X Farmácia X 06 - 10 X Análises clínicas X Sim X Sim X nao X Parcialmente satisfatório X Demora na manutenção/conserto do equipamento existente X  X UPLC, espectrômetro de massa, bioquímica X Sim X espectofotômetro X  falta de insumos X espectrômetro de massa X Talvez X Não X  X 
8/24/2018 3:11:02 X Masculino X 33 X Brazil X São Paulo  X Barueri  X Graduação - Bacharelado X Ciência da Computação  X Não X  X Estudante X Ciência da computação X 06 - 10 X Bioinformatica X Sim X Não X Não  X Prefiro não opinar no momento X Ainda não utilizo X  X Não utilizo ainda X Não tenho conhecimento X  X Nenhuma alteração no projeto de pesquisa foi necessária pela falta ou quebra de equipamentos X Não sei X Sim X Não X  X 
8/24/2018 15:58:46 X Feminino X 24 X Brazil X Santa Catarina X Florianópolis X Doutorado, Em andamento X Fonoaudióloga X Sim, instituição pública X UFSC X Estudante, Pesquisador X Ciências da Saúde X 01 - 05 X Fonoaudiologia - Linguagem X Sim X Sim X Não X Insatisfatório X Falta de recursos para obtenção dos mesmos X  X Softwares para uso em avaliação e terapia de linguagem, de gravação e transcrição de áudios/vídeos, equipamentos de armazenamento de dados. X Sim X Falta de equipamentos de gravação/transcrição de áudio/vídeo e de softwares de terapia. X Equipamento indisponível (outras razões além de quebra), Alteração no momento de planejamento X Softwares de terapia e avaliação de linguagem. X Sim X Não X  X 
8/24/2018 19:34:59 X Feminino X 45 X Brazil X São Paulo X São Paulo X Doutorado X Engenharia Química  X Não X  X Profissional da área operacional X Engenharia X 21 - 25 X Alimentos  X Não X Sim X Sim  X Insatisfatório X Falta de conhecimento  X  X Misturadores  X Sim X Viscosímetro  X Equipamento indisponível (outras razões além de quebra) X Cromatógrafo  X Talvez X Não X  X 
8/25/2018 15:01:05 X Masculino X 29 X Brazil X RS X Porto Alegre X Mestrado X Químico X Sim, instituição pública X UFRGS X Pesquisador X Química X 06 - 10 X Fotofisica X Não sei responder X Näo sei responder X Nao X Parcialmente satisfatório X Demora na manutenção/conserto do equipamento existente X  X São vários. X Sim X Xps, microscopia de alta resolução, TGA X Equipamento indisponível (outras razões além de quebra) X Microscópio X Não X Não X  X 
8/25/2018 16:21:12 X Masculino X 25 X Brazil X Mato Grosso X PRIMAVERA DO LESTE X Mestrado X Biotecnologia X Não X  X Pesquisador X Biologia X 06 - 10 X Biotecnologia X Sim X Sim X FabLab X Insatisfatório X Muitos pesquisadores e poucos equipamentos X  X HPLC X Sim X HPLC X Por quebra do equipamento existente e demora na manutenção X biorreator X Sim X Sim X Buscava um preço mais acessível X Sim
8/26/2018 2:19:20 X Feminino X 36 X  X Paraná X Curitiba X Doutorado X Biomadicina X Sim, instituição pública X University of Rhode Island X Pesquisador X Saúde X 16 - 20 X Neurociencia X Não X Não X  X Insatisfatório X Muitos pesquisadores e poucos equipamentos X  X Microscopio X Sim X Neurolocuda X Equipamento indisponível (outras razões além de quebra) X microscopio confocal X Talvez X Sim X Buscava um preço mais acessível X Não
8/26/2018 17:22:29 X Feminino X 33 X Brazil X Sao Paulo X Sao Paulo X Graduação - Bacharelado X Física X Não X  X Estudante X Oceanografia X 01 - 05 X Física X Sim X Não X Nao X Parcialmente satisfatório X Muitos pesquisadores e poucos equipamentos X  X Computadores X Não tenho conhecimento X  X  X  X Talvez X Não X  X 
8/26/2018 21:24:22 X Feminino X 54 X Brazil X Minas Gerais X Belo Horizonte X Graduação - Licenciatura, Mestrado X Literatura e Linguística X Não X  X Pesquisador X Educação X 26 - 30 X Literatura Brasileira e Produção Textual X Sim X Sim X Não X Prefiro não opinar no momento X Não disponho de experiência suficiente para opinar X  X  X Não tenho conhecimento X  X  X  X Talvez X Não X  X 
8/27/2018 2:20:04 X Masculino X 21 X Brazil X RS X Porto Alegre X Graduação - Bacharelado, Em andamento X Engenharia Química X Sim, instituição pública X UFRGS X Estudante X Engenharia X 01 - 05 X Termodinâmica X Sim X Sim X  X Parcialmente satisfatório X Certos tipos de equipamento não estão disponíveis X Por serem caros de adquirir, ou manutenção indisponível X  X Não tenho conhecimento X  X Por quebra do equipamento existente e demora na manutenção X  X  X  X  X 
8/27/2018 3:04:09 X Feminino X 20 X Brazil X Rio de Janeiro  X Rio de Janeiro  X Graduação - Bacharelado X Ciencias Biológicas - Biotecnologia X Sim, instituição pública X UERJ X Estudante, Pesquisador X Biologia X 01 - 05 X Genetica e Neuro X Sim X Näo sei responder X Não X Parcialmente satisfatório X Demora na manutenção/conserto do equipamento existente X  X Sequenciador de DNA X Não tenho conhecimento X  X  X Mais sequenciadores e quantificadores  X Sim X Não X  X 
8/27/2018 3:08:45 X Feminino X 52 X Brazil X Paraná  X Curitiba  X Especialização X Ciências  Biológicas  X Sim, instituição pública X Centro estadual de educação profissional de Curitiba  X Professor X Biologia X 26 - 30 X Biotecnologia ambiental X Sim X Näo sei responder X Não  X Parcialmente satisfatório X Demora na manutenção/conserto do equipamento existente X  X Incubadora de fotoperiodo  X Sim X Compressor ar X Equipamento indisponível (outras razões além de quebra) X Estufa incubadora X Sim X Não X  X 
8/27/2018 3:11:39 X Masculino X 24 X Brazil X PI X Floriano X Graduação - Licenciatura X Biólogo X Sim, instituição pública X Universidade Federal do Piauí X Estudante X Biologia X 01 - 05 X Paleontologia X Sim X Sim X sim X Parcialmente satisfatório X Certos tipos de equipamento não estão disponíveis X Falta recursos necessários e espaço de atuação em algumas áreas X estéreomicroscópio binocular, lupa com haste articulável X Não X  X Apesar de dificuldades com equipamentos, não foi necessário alterar nenhum projeto porque contamos com equipamentos de colaboradores X Martelos pneumáticos, equipamentos para análise histológica X Talvez X Não X  X 
8/27/2018 3:21:06 X Feminino X 29 X Brazil X AM X manaus X Doutorado X Fitopatologia  X Sim, instituição pública X universidade federal do amazonas X Pesquisador X Biologia X 11 - 15 X Bioinformatica  X Sim X Sim X nao  X Insatisfatório X Certos tipos de equipamento não estão disponíveis X A aquisição e manutenção dos equipamentos são de alto custo, e considerada por muitos algo não necesário X Termocicladores para PCR, Tissue lyzer, sequenciador, Q-tof, Maldi tof X Sim X todos citados na resposta anterior  X Equipamento indisponível (outras razões além de quebra) X Real time, Um computador com capacidade para analises de bioinformatica, Qtof, termocicladores, Qubit  X Sim X Não X  X 
8/27/2018 3:27:48 X Masculino X 37 X Brazil X Rio de janeiro X Rio das Ostras X Graduação - Licenciatura X Biologia X Sim, instituição pública X  X Professor X Biologia X 01 - 05 X genética X Sim X Sim X Motion LIS X Parcialmente satisfatório X Certos tipos de equipamento não estão disponíveis X Falta de orçamento X Microscópios, pipetas de precisão X Não X  X Alteração no momento de planejamento X Microscópios e pipetas de precisão X Talvez X Não X  X 
8/27/2018 3:41:57 X Feminino X 39 X Brazil X Parana X Maringa X Doutorado X Cirurgiã-dentista X Sim, instituição privada X Fatecie X Pesquisador, Professor X Saúde X 01 - 05 X Histologia e Embriologia X Não sei responder X Näo sei responder X Ainda não X Parcialmente satisfatório X Certos tipos de equipamento não estão disponíveis X Falta de recurso. Tento desenvolver algumas coisas na UEM e na UNESP, que são universidades parceiras. X Processamento Histologico, imuno-histoquimica, western-blotting. Necessito MS/MS X Sim X Microscopia eletronica; RT-PCR; MS/MS. X Equipamento indisponível (outras razões além de quebra) X RT-PCR; MS/MS; X Talvez X Não X  X 
8/27/2018 3:42:54 X Masculino X 34 X  X PR X Curitiba X Doutorado X Engenheiro agrônomo  X Sim, instituição pública X Universidade Federal do Parana X Pesquisador X Agrárias  X 11 - 15 X Fitopatologia X Sim X Sim X  X Parcialmente satisfatório X Certos tipos de equipamento não estão disponíveis X Falta de recursos financeiros  X Estufas incubadoras de microrganismos e termocicladores X Sim X Termociclador para qPCR X Equipamento indisponível (outras razões além de quebra) X Termociclador qPCR X Sim X Sim X Buscava um preço mais acessível X Sim
8/27/2018 3:51:56 X Feminino X 35 X Brazil X São Paulo X São Paulo X Doutorado X Biomédica / Neurocientista X Sim, instituição pública X UNIFESP X Professor X Neurociência X 16 - 20 X Eletrofisiologia e Comportamento animal X Não X Sim X Sim X Parcialmente satisfatório X Certos tipos de equipamento não estão disponíveis X O equipamento não está disponível por não haver interesse anterior naquele equipamento ou, quando existe, não há mão de obra qualificada para sua utilização X Setup the patch clamp, photon multiplier, microscópio de fluoresncência, aparelhos de comportamento animal para registrar locomoção, consumo de líquidos etc X Não tenho conhecimento X  X Equipamento indisponível (outras razões além de quebra) X Setup de patch clamp com o sistema para medida de fotometria. X Sim X Não X  X 
8/27/2018 4:04:18 X Masculino X 40 X Brazil X SP X Campinas X Graduação - Licenciatura, Especialização X Pedagogia / Ciências Biológicas (Lic.) X Sim, instituição pública X Prefeitura Municipal de Hortolândia/SP (EMEF Dayla Cristina Souza de Amorim / EMEF Taquara Branca) X Pesquisador, Professor X Educação / Ciências X 16 - 20 X Ensino Polivalente (Fundamental I); Ensino de Ciências (Fundamental II); Incentivo à Pesquisa e Divulgação Científica (Fundamental I e II) X Sim X Sim X Não X Insatisfatório X Demora na manutenção/conserto do equipamento existente X  X Computadores/tablets, internet, microscópios, vidraria, reagentes, insumos (luvas, óculos, máscaras), bancadas. X Sim X Microscópio X Por quebra do equipamento existente e demora na manutenção, Equipamento indisponível (outras razões além de quebra) X laboratório completo para ensino fundamental I e II, com material (experimentoteca e laboratorial) para ensino de química, física e biologia X Sim X Sim X Por gostar de experimentar X Sim
8/27/2018 5:10:28 X Feminino X 22 X Brazil X São Paulo  X São Carlos  X Graduação - Bacharelado X Biotecnologia X Não X  X  X Biologia X 01 - 05 X Biologia molecular  X Sim X Sim X BEAF X  X Muitos pesquisadores e poucos equipamentos X  X  X Sim X  X Equipamento indisponível (outras razões além de quebra) X  X Sim X Sim X Buscava um preço mais acessível X Sim
8/27/2018 7:14:00 X Feminino X 25 X Brazil X Bahia X Salvador X Em andamento X  X Sim, instituição pública X Ufba X Estudante X Saúde X 01 - 05 X Medicina Veterrinária X Não sei responder X Näo sei responder X  X Insatisfatório X Certos tipos de equipamento não estão disponíveis X  X  X Sim X  X Por quebra do equipamento existente e demora na manutenção X  X Sim X Sim X Buscava um preço mais acessível X Sim
8/27/2018 10:08:39 X Feminino X 53 X Brazil X RJ X RJ X Pós-Dov X  X Sim, instituição pública X Prefeitura da Cidade do RJ X Profissional da área operacional X Engenharia X 21 - 25 X Construcao Civil / Meio Ambiente X Não X Sim X Linux X Prefiro não opinar no momento X Demora na manutenção/conserto do equipamento existente X  X computadores X Não X  X Apesar de dificuldades com equipamentos, não foi necessário alterar nenhum projeto porque contamos com equipamentos de colaboradores X Computadores mais modernos X Não X Não X  X 
8/27/2018 10:14:36 X Masculino X 32 X Brazil X Minas Gerais X Belo Horizonte X Pos Doutorado  X Biomédico  X Sim, instituição pública X UFMG  X Pesquisador, Professor X Biologia X 11 - 15 X Macroambiente tecidual  X Sim X Sim X  X Parcialmente satisfatório X Muitos pesquisadores e poucos equipamentos X  X  X  X  X Equipamento indisponível (outras razões além de quebra) X 3i Vivio  X Sim X Sim X Pela necessidade de estabelecer novos protocolos e/ou experimentos no laboratório X Sim
8/27/2018 11:58:39 X Feminino X 40 X Brazil X BA X Salvador X Doutorado X Médica Veterinaria X Sim, instituição pública X  X Professor X Microbiologia X 11 - 15 X Micologia X Não sei responder X Näo sei responder X Nao X Insatisfatório X Certos tipos de equipamento não estão disponíveis X Falta de colaboração entre os laboratorios X  X Sim X Rotaevaporador e liofilizador X Equipamento indisponível (outras razões além de quebra) X Capela de fluxo laminar  X Sim X Não X  X 
8/27/2018 12:20:05 X Masculino X 63 X Brazil X santa catarina X fln X Doutorado X educador X Não X  X Professor X Educação X 36 - 40 X  X Não sei responder X Näo sei responder X  X Parcialmente satisfatório X Certos tipos de equipamento não estão disponíveis X  X  X Não tenho conhecimento X  X Por quebra do equipamento existente e demora na manutenção X  X Talvez X Não X  X 
8/27/2018 14:46:05 X Feminino X 37 X Brazil X Rio de Janeiro X Niterói X Pós-Doc X Farmacêutica X Sim, instituição pública X Universidade Federal Fluminense X Pesquisador, Professor X Química X 06 - 10 X Síntese Orgânica X Sim X Sim X  X Parcialmente satisfatório X Demora na manutenção/conserto do equipamento existente X  X RMN e HRMS X Não X  X Nenhuma alteração no projeto de pesquisa foi necessária pela falta ou quebra de equipamentos X CG-MS X Talvez X Não X  X 
8/27/2018 14:51:02 X Feminino X 36 X Brazil X SP X Campinas X Doutorado X  X Sim, instituição pública X Unicamp X Professor X Química X 16 - 20 X  X Sim X Sim X  X Insatisfatório X Muitos pesquisadores e poucos equipamentos X  X  X Sim X  X Por quebra do equipamento existente e demora na manutenção, Equipamento indisponível (outras razões além de quebra) X  X Sim X Sim X Pela marca ter sido recomendada X Sim
8/27/2018 16:00:50 X Feminino X 36 X Brazil X Sao Paulo X Arujá X Doutorado X biologia X Não X  X Profissional da área administrativa X Biologia X 16 - 20 X biologia celular X Não sei responder X Sim X Não X Insatisfatório X Demora na manutenção/conserto do equipamento existente X  X termocicladora X Não tenho conhecimento X  X resultado de experimento alterou projeto X sequenciador de nova geração X Sim X Sim X Pela necessidade de estabelecer novos protocolos e/ou experimentos no laboratório X Sim
8/27/2018 16:30:40 X Feminino X 32 X Brazil X RJ X Campos dos Goytacazes X Mestrado X Bióloga X Sim, instituição pública X UENF X Estudante X Biologia X 11 - 15 X Bioinformática e Epigenética X Sim X Sim X softwares de programação (linguagem R) X Parcialmente satisfatório X Certos tipos de equipamento não estão disponíveis X A falta de verba acaba diminuindo a aquisição e/ou manutenção de equipamentos, desta forma, aqueles equipamentos ainda em funcionamento tem o uso restrito, o que impede o desenvolvimento abrangente da pesquisa. X sequenciador de DNA, servidor, computadores X Sim X Acesso ao servidor e uso do sequenciador de DNA X Equipamento indisponível (outras razões além de quebra) X servidor X Sim X Não X  X 
8/27/2018 16:34:36 X Feminino X 31 X Brazil X Rio de Janeiro X niterói X Mestrado X Ecologia X Sim, instituição pública X UENF/CEDERJ X Estudante X Biologia X 06 - 10 X Ecologia de Peixes (reprodução, comportamento) X Sim X Sim X Prometheus Science X Prefiro não opinar no momento X Demora na manutenção/conserto do equipamento existente X  X  X  X  X  X  X  X Não X  X 
8/27/2018 16:50:58 X Feminino X 37 X Brazil X Rio de Janeiro X Rio de janeiro X Doutorado X Bióloga X Não X Instituto de Pesquisas do JBRJ X Estudante, Pesquisador X Biologia X 11 - 15 X Conservação de ambiente marinho X Sim X Sim X R project X Parcialmente satisfatório X Certos tipos de equipamento não estão disponíveis X  X softwer de estatística, estufa, equipamentos de mergulho autônomo, freezer, micrótomo... X Sim X espectrofotometro X Apesar de dificuldades com equipamentos, não foi necessário alterar nenhum projeto porque contamos com equipamentos de colaboradores X espectrofotômetro X Talvez X Não X  X 
8/27/2018 16:51:00 X Masculino X 44 X Brazil X Rio de Janeiro X Rio de Janeiro X Graduação - Bacharelado, Graduação - Licenciatura, Especialização X biólogo X Sim, instituição pública X SEEDUC X Professor X Biologia X 11 - 15 X bioinformática; biologia molecular X Sim X Sim X não X Insatisfatório X Certos tipos de equipamento não estão disponíveis X boa parte dos circuitos não são fáceis de serem encontrados  X termociclador X Sim X  X Alteração no momento de planejamento X a questão muitas vezes não é o equipamento mas sim os reagentes. X Sim X Sim X Por ser a única marca disponível no momento X Sim
8/27/2018 17:20:27 X Masculino X 47 X Brazil X Rio de Janeiro X São Gonçalo X Especialização X Teologia X Não X 82924812 X Pesquisador X Educação X 06 - 10 X  X Sim X Näo sei responder X  X Parcialmente satisfatório X Muitos pesquisadores e poucos equipamentos X  X  X Não tenho conhecimento X  X Equipamento indisponível (outras razões além de quebra) X  X Talvez X Não X  X 
8/27/2018 17:41:14 X Feminino X 41 X Brazil X MS X Campo Grande X Doutorado X Biologia X Sim, instituição pública X UFMS X Professor X Biologia X 16 - 20 X Microbiologia X Sim X Sim X  X Parcialmente satisfatório X Demora na manutenção/conserto do equipamento existente X  X Fluxo laminar, centrífugas, estufas X Não tenho conhecimento X  X Apesar de dificuldades com equipamentos, não foi necessário alterar nenhum projeto porque contamos com equipamentos de colaboradores X centrifuga refrigerada X Talvez X Sim X Por ser a única marca disponível no momento X Sim
8/27/2018 18:22:12 X Feminino X 50 X Brazil X Rio de Janeiro  X Volta Redonda X Mestrado X Ciências Biologicas X Sim, instituição pública X Prefeitura Municipal de Barra Mansa/MICInense X Professor X Educação X 11 - 15 X Fisica X Não X Não X  Nao X Insatisfatório X Certos tipos de equipamento não estão disponíveis X  X Microscópios,  telescópios,  lupas X Sim X Estereomicroscopios  X Por quebra do equipamento existente e demora na manutenção X Estereomicroscopios com tela X Sim X Não X  X 
8/27/2018 21:02:44 X Feminino X 26 X Brazil X Minas Gerais X VIÇOSA X Mestrado X Bioquímica X Não X  X Estudante X Biologia X 06 - 10 X Microbiologia X Sim X Sim X Não X Parcialmente satisfatório X Demora na manutenção/conserto do equipamento existente X  X Shaker, Cromatografo, Centrífuga, Termociclador X Não tenho conhecimento X  X Por quebra do equipamento existente e demora na manutenção X Shaker X Sim X Sim X Pela marca ter sido recomendada X Sim
8/27/2018 21:41:33 X Feminino X 28 X Brazil X São Paulo X Campinas X Doutorado X Medicina Veterinária X Sim, instituição pública X UNICAMP X Pesquisador X Saúde X 06 - 10 X Zoonoses e Saúde Pública X Sim X Sim X Não X Insatisfatório X Muitos pesquisadores e poucos equipamentos X  X Termociclador X Não X  X Apesar de dificuldades com equipamentos, não foi necessário alterar nenhum projeto porque contamos com equipamentos de colaboradores X Sequenciador X Sim X Não X  X 
8/27/2018 23:32:55 X Masculino X 36 X Brazil X MG X Inconfidentes X Doutorado X Licenciatura em Ciências Biológicas X Sim, instituição pública X IFSULDEMINAS X Professor X Biologia X 11 - 15 X TECNOLOGIA EDUCACIONAL X Sim X Sim X ARDUINO, LABORATÓRIOS REMOTOS X Parcialmente satisfatório X Demora na manutenção/conserto do equipamento existente X  X Laboratório de Biologia Celular / Genética X Sim X Termociclador /Microscópio X Equipamento indisponível (outras razões além de quebra) X Termociclador / Microscópio Invertido X Sim X Sim X Buscava um preço mais acessível X Sim
8/27/2018 23:53:58 X Feminino X 23 X Brazil X Rio de Janeiro X Itaperuna X Ensino Fundamental, Ensino Médio, Técnico ou Tecnólogo, Graduação - Licenciatura, Em andamento X Técnico em química X Sim, instituição pública X UENF X Estudante X Biologia X 01 - 05 X  X Não sei responder X Näo sei responder X Não conheço X Insatisfatório X Demora na manutenção/conserto do equipamento existente X  X Microscopio X Sim X Microscópio X Equipamento indisponível (outras razões além de quebra) X Microscópios, vidrarias X Talvez X Não X  X 
8/28/2018 2:30:17 X Masculino X 26 X Brazil X Pernambuco X Vitória de Santo Antão X Graduação - Licenciatura, Em andamento X Ciências Biológicas X Não X  X Estudante, Pesquisador X Biologia X 01 - 05 X Genotoxicidade X Não X Não X Não X Insatisfatório X Certos tipos de equipamento não estão disponíveis X Falta de investimento do governo X Muitos X Não tenho conhecimento X  X  X  X Sim X Não X  X 
8/28/2018 4:54:41 X Feminino X 28 X Brazil X Rio de Janeiro X Rio de Janeiro X Doutorado, Em andamento X Biomédica X Sim, instituição pública X Universidade Federal do Rio de Janeiro X Estudante X Biologia X 11 - 15 X Farmacologia X Sim X Sim X Sci Hub X Insatisfatório X Equipamentos de uso exclusivo e não multi-usuário X  X Aparatos comportamentais, espectrofotômetro, termociclador X Não X  X Apesar de dificuldades com equipamentos, não foi necessário alterar nenhum projeto porque contamos com equipamentos de colaboradores X Cintilador de fase líquida  X Talvez X Não X  X 
8/28/2018 15:01:51 X Feminino X 27 X Brazil X Amazonas X Manaus X Doutorado, Em andamento X CIÊNCIAS bIOLÓGICAS X Sim, instituição pública X UNIVERSIDADE DO ESTADO DO AMAZONAS X Estudante X Biologia X 01 - 05 X PARASITOLOGIA X Sim X Sim X NÃO X Satisfatório X Certos tipos de equipamento não estão disponíveis X ACESSO AO LABORATORIO X MICROSCOPIO X Não X  X Equipamento indisponível (outras razões além de quebra) X MICROSCOPIO ELETRÔNICO X Sim X Não X  X 
8/28/2018 18:15:05 X Feminino X 33 X Brazil X MINAS GERAIS X UBERABA X Graduação - Licenciatura, Em andamento X MELHORAMENTO GENÉTICO  X Não X  X  X Biologia X  X BIOLOGIA CELULAR X Não sei responder X Näo sei responder X NÃO X Insatisfatório X Certos tipos de equipamento não estão disponíveis X ALGUNS EQUIPAMENTOS SÃO DE UM CUSTO MAIS ELEVADO E CREIO QUE FICA INVIÁVEL TE - LOS EM UNIVERSIDADES FEDERAIS. X NÃO ME LEMBRO. X Sim X NÃO ME LEMBRO. X Equipamento indisponível (outras razões além de quebra) X MICROSCÓPIO COM CÂMERA DIGITAL, IMPRESSORA 3D, ENTRE OUTROS. X Sim X Sim X Buscava um preço mais acessível X Sim
8/29/2018 0:25:50 X Feminino X 22 X Brazil X São Paulo X São Paulo X Graduação - Bacharelado, Em andamento X Engenharia Biotecnológica (Bacharelado) X Sim, instituição pública X UNESP X Estudante X Biologia X 01 - 05 X Reprodução Animal e Humana X Sim X Sim X BioMark X Parcialmente satisfatório X Certos tipos de equipamento não estão disponíveis X A gritante falta de verba para dedicada à pesquisa pública no país implica em não ser possível realizar a manutenção adequada dos equipamentos e com isso, a sua inutilização em um curto período de tempo. Além disso, existem vários pesquisadores utilizando os mesmo equipamentos, muitas vezes sem supervisão ou acompanhamento adequado. Consequentemente, é mais rápida a inutilização do mesmo. X Incubadora com controle de oxigênio e gás carbônico, lupas, microscópios, centrífugas, banho maria, vortex. X Sim X Microscópio invertido X Por quebra do equipamento existente e demora na manutenção X Incubadora com controle de oxigênio e gás carbônico, microscópio invertido, lupas. X Talvez X Não X  X 
8/29/2018 4:14:26 X Feminino X 37 X Brazil X BAHIA X FEIRA DE SANTANA X Mestrado, Em andamento X LICENCIATURA EM CIÊNCIAS BIOLÓGICAS  X Sim, instituição pública X UFRB X Profissional da área administrativa X Química X 06 - 10 X BIOQUÍMICA, QUÍMICA E BIOLOGIA X Sim X Sim X SIM X Satisfatório X  X  X ESPECTROFOTÔMETRO, DESTILADOR E CENTRIFUGADORA.  X Não tenho conhecimento X  X  X EQUIPAMENTOS PARA SUBSTITUIR O DESTILADOR.  X Sim X Sim X Pela necessidade de estabelecer novos protocolos e/ou experimentos no laboratório X Sim
8/30/2018 11:38:06 X Feminino X 28 X Brazil X MT X Cuiabá X Doutorado, Em andamento X Bióloga  X Sim, instituição pública X  X Estudante X Biologia X 06 - 10 X Ecologia e genética  X Sim X Sim X Apenas artigos X Insatisfatório X Demora na manutenção/conserto do equipamento existente X  X Termociclador, osmose reversa,  espectofotometro, estufa, banho maria X Não tenho conhecimento X  X Equipamento indisponível (outras razões além de quebra) X Osmose reversa e pipetas X Talvez X Não X  X 
8/30/2018 19:45:33 X Feminino X 46 X Brazil X mato grosso do sul X campo grande X Doutorado X Ciências Biológicas X Sim, instituição pública X UFMS X Professor X Biologia X 21 - 25 X Poluição ambiental X Sim X Sim X  X Insatisfatório X Demora na manutenção/conserto do equipamento existente X  X CG-MS ,  HPLC-MS X Sim X CG-MS X Por quebra do equipamento existente e demora na manutenção X CG-MS e HPLC-MS X Sim X Não X  X 
8/31/2018 5:43:52 X Feminino X 40 X Brazil X RJ X Rio das Ostras X Graduação - Licenciatura X pedagoga X Não X  X Professor X Educação X 06 - 10 X Processos Educativos X Não sei responder X Näo sei responder X desconheço X Parcialmente satisfatório X Demora na manutenção/conserto do equipamento existente X  X Tecnologias mais avançadas X Não tenho conhecimento X não X Por quebra do equipamento existente e demora na manutenção X Computadores e Projetores com tecnologia mais avançada X Sim X Sim X Buscava um preço mais acessível X Sim
9/4/2018 18:13:39 X Masculino X 50 X Brazil X RJ X Campos dos Goytacazes X Doutorado X Biólogo X Sim, instituição pública X UENF X Pesquisador, Professor X Biologia X 26 - 30 X Biologia Celular X Sim X Näo sei responder X não X Insatisfatório X Certos tipos de equipamento não estão disponíveis X Acesso e dificuldade de manutenção X Microscópio eletrônico X Não X  X Apesar de dificuldades com equipamentos, não foi necessário alterar nenhum projeto porque contamos com equipamentos de colaboradores X Ultramicrótomo X Sim X Não X  X 
9/8/2018 16:15:49 X Masculino X 33 X Brazil X Rio de Janeiro X Rio de Janeiro X Doutorado X Ciência Biológica X Sim, instituição pública X Universidade Federal do Rio de Janeiro X Professor X Biologia X 11 - 15 X Bioquímica X Sim X Sim X GPower para calcúlos estatísticos; ImageJ para análise de imagens X Parcialmente satisfatório X Demora na manutenção/conserto do equipamento existente X  X Termociclador para PCR em tempo real; Leitor de placas de ELISA X Não X  X  X Leitor de placa de ELISA X Sim X Sim X Buscava um preço mais acessível X Sim
9/8/2018 17:43:08 X Feminino X 50 X Brazil X Rio de Janeiro X Rio de Janeiro X Doutorado X farmaceutica X Sim, instituição pública X ufrj X Professor X Farmácia X 16 - 20 X farmacotecnica X Sim X Sim X  X Insatisfatório X Certos tipos de equipamento não estão disponíveis X A compra foi exclusiva para um docente e sua equipe  X dissolutor, analizador de particulas  X Sim X analizador de particulas X Equipamento indisponível (outras razões além de quebra) X  X Sim X Não X  X 
9/8/2018 20:09:31 X Feminino X 43 X Brazil X Rio de Janeiro X Rio de Janeiro X Doutorado X Bioquímica X Sim, instituição pública X Federal University of Rio de Janeiro X Professor X Farmácia X 06 - 10 X Bioquímica X Sim X Sim X Nao. X Insatisfatório X Demora na manutenção/conserto do equipamento existente X  X Fluorímetro, calorímetro X Sim X Infravermelho X Por quebra do equipamento existente e demora na manutenção X Espectrofotômetro X Sim X Sim X Buscava um preço mais acessível X Sim
9/9/2018 13:10:27 X Feminino X 39 X Brazil X RJ X Maricá X Graduação - Bacharelado, Graduação - Licenciatura, Mestrado, Doutorado, Pós doutorado em Tecnologia Farmacêutica X Doutorado em Biociências - área Biologia Celular X Sim, instituição pública X UFRJ X Pesquisador, Professor X Biologia X 11 - 15 X Biologia Celular - Cultura de Células X Sim X Näo sei responder X não sei responder X Insatisfatório X Certos tipos de equipamento não estão disponíveis X Há feudos na universidade e o equipamento que deveria ser para uso comum só está disponível para colaboradores próximos ou afins, sem a existência de multiusuário. os locais que existem são plataformas pagas e não gratuitas com o objetivo de manutenção e conserto do equipamento, o que é um caminho para mantê-lo aberto, mas que por outro lado inviabiliza o uso por pesquisadores emergentes ou que não possuem verbas para suas pesquisas. X microscopios de varredura, transmissão, fluorescência, tamanho de partícula, autoclave, spray drier; HPLC/massas. X Sim X spray drier; HPLC X Equipamento indisponível (outras razões além de quebra) X HPLC X Sim X Sim X Buscava um preço mais acessível X Sim
9/9/2018 15:15:46 X Masculino X 41 X Brazil X RJ X Rio de Janeiro X Doutorado X Biomedicina X Sim, instituição pública X Universidade Federal do Rio de Janeiro X Professor X Educação X 11 - 15 X Ensino X Sim X Não X Não X Parcialmente satisfatório X Pesquisadores controlam o uso dos equipamentos X  X Computador, software, equipamento de filmagem X Sim X Equipamentos diversos para filmagem X Equipamento indisponível (outras razões além de quebra) X Refletor; ilha de edição X Sim X Não X  X 
9/9/2018 17:38:20 X Feminino X 32 X Brazil X Rio de Janeiro X Rio de Janeiro X Doutorado X Biólogo X Sim, instituição pública X UFRJ X Pesquisador, Professor X Engenharia Química X 11 - 15 X Biotecnologia X Não sei responder X Não X Não X Insatisfatório X Certos tipos de equipamento não estão disponíveis X Alta demanda acaba comprometendo o acesso a todos; Muitos não possuem manutenção coletiva, o que dificulta que um amplo número de pesquisadores possa utilizar o equipamento de uma forma aberta. X HPLC X Não X  X  X CG-MS, HPLC acoplado a Massas X Sim X Sim X Buscava um preço mais acessível X Sim
9/10/2018 19:16:18 X Feminino X 41 X Brazil X rio de janeiro X rio de janeiro X Doutorado X biologia X Sim, instituição pública X ufrj X Professor X Saúde X 16 - 20 X microbiologia X Não sei responder X Näo sei responder X não X Parcialmente satisfatório X Demora na manutenção/conserto do equipamento existente X  X citômetro de fluxo, centrífugas X Não X  X Nenhuma alteração no projeto de pesquisa foi necessária pela falta ou quebra de equipamentos X centrífuga de eppendorf X Sim X Não X  X 
9/14/2018 0:10:41 X Feminino X 46 X Brazil X São Paulo X São Paulo X Técnico ou Tecnólogo, Graduação - Bacharelado, Em andamento X Tecnólogo em Polímeros X Sim, instituição pública X Fatec Zona Leste X Estudante X  X 16 - 20 X pesquisa em polímeros X Não sei responder X Näo sei responder X Não X Parcialmente satisfatório X Demora na manutenção/conserto do equipamento existente X  X DSC, MEV, Microscópio X Sim X DSC X Equipamento indisponível (outras razões além de quebra) X DSC X Sim X Não X  X 
9/20/2018 19:50:51 X Feminino X 21 X Brazil X Rio Grande do Sul X Caxias do sul X Graduação - Bacharelado, Em andamento X Engenharia Química X Sim, instituição privada X Ecocerta análises ambientais X Profissional da área operacional X Química X 01 - 05 X Analítica ambiental X Sim X Sim X Não X Parcialmente satisfatório X Demora na manutenção/conserto do equipamento existente X  X Cromatografos X Não X  X Apesar de dificuldades com equipamentos, não foi necessário alterar nenhum projeto porque contamos com equipamentos de colaboradores X Icp-ms X Talvez X Não X  X 
